{"Epoch Loss":0.047135615109086586,"_wandb":{"runtime":1458},"Batch Loss":0.023220209404826164,"_timestamp":1.7421578579264665e+09,"_runtime":1458.5018056,"_step":559,"Epoch":20}